reference,additionalContext,verse,question,answer,grammaticality,acceptability
Revelation 1:10,"I, John, both your brother and companion in the tribulation and kingdom and patience of Jesus Christ, was on the island that is called Patmos for the word of God and for the testimony of Jesus Christ. I was in the Spirit on the Lord's Day, and I heard behind me a loud voice, as of a trumpet, saying, ""I am the Alpha and the Omega, the First and the Last,"" and, ""What you see, write in a book and send it to the seven churches which are in Asia: to Ephesus, to Smyrna, to Pergamos, to Thyatira, to Sardis, to Philadelphia, and to Laodicea.""","I was in the Spirit on the Lord's Day, and I heard behind me a loud voice, as of a trumpet,","(1pt) According to Revelation 1:10, the voice that John heard was described as being what kind of a trumpet?",Loud,,
Revelation 1:10,"I, John, both your brother and companion in the tribulation and kingdom and patience of Jesus Christ, was on the island that is called Patmos for the word of God and for the testimony of Jesus Christ. I was in the Spirit on the Lord's Day, and I heard behind me a loud voice, as of a trumpet, saying, ""I am the Alpha and the Omega, the First and the Last,"" and, ""What you see, write in a book and send it to the seven churches which are in Asia: to Ephesus, to Smyrna, to Pergamos, to Thyatira, to Sardis, to Philadelphia, and to Laodicea.""","I was in the Spirit on the Lord's Day, and I heard behind me a loud voice, as of a trumpet,","(1pt) According to Revelation 1:10, when John was in the Spirit on the Lord's Day, what did he hear?","A loud voice, as of a trumpet, behind him",,
Revelation 1:10,"I, John, both your brother and companion in the tribulation and kingdom and patience of Jesus Christ, was on the island that is called Patmos for the word of God and for the testimony of Jesus Christ. I was in the Spirit on the Lord's Day, and I heard behind me a loud voice, as of a trumpet, saying, ""I am the Alpha and the Omega, the First and the Last,"" and, ""What you see, write in a book and send it to the seven churches which are in Asia: to Ephesus, to Smyrna, to Pergamos, to Thyatira, to Sardis, to Philadelphia, and to Laodicea.""","I was in the Spirit on the Lord's Day, and I heard behind me a loud voice, as of a trumpet,","(1pt) According to Revelation 1:10, when John was in the Spirit on the Lord's Day, he heard a loud voice behind him that was as of what?",A trumpet,,
Revelation 1:10,"I, John, both your brother and companion in the tribulation and kingdom and patience of Jesus Christ, was on the island that is called Patmos for the word of God and for the testimony of Jesus Christ. I was in the Spirit on the Lord's Day, and I heard behind me a loud voice, as of a trumpet, saying, ""I am the Alpha and the Omega, the First and the Last,"" and, ""What you see, write in a book and send it to the seven churches which are in Asia: to Ephesus, to Smyrna, to Pergamos, to Thyatira, to Sardis, to Philadelphia, and to Laodicea.""","I was in the Spirit on the Lord's Day, and I heard behind me a loud voice, as of a trumpet,","(1pt) According to Revelation 1:10, when was John in the Spirit?",On the Lord's Day,,
Revelation 1:10,"I, John, both your brother and companion in the tribulation and kingdom and patience of Jesus Christ, was on the island that is called Patmos for the word of God and for the testimony of Jesus Christ. I was in the Spirit on the Lord's Day, and I heard behind me a loud voice, as of a trumpet, saying, ""I am the Alpha and the Omega, the First and the Last,"" and, ""What you see, write in a book and send it to the seven churches which are in Asia: to Ephesus, to Smyrna, to Pergamos, to Thyatira, to Sardis, to Philadelphia, and to Laodicea.""","I was in the Spirit on the Lord's Day, and I heard behind me a loud voice, as of a trumpet,","(1pt) According to Revelation 1:10, when John was in the Spirit on the Lord's Day, he heard a loud voice as of a trumpet where?",Behind him,,
Revelation 1:10,"I, John, both your brother and companion in the tribulation and kingdom and patience of Jesus Christ, was on the island that is called Patmos for the word of God and for the testimony of Jesus Christ. I was in the Spirit on the Lord's Day, and I heard behind me a loud voice, as of a trumpet, saying, ""I am the Alpha and the Omega, the First and the Last,"" and, ""What you see, write in a book and send it to the seven churches which are in Asia: to Ephesus, to Smyrna, to Pergamos, to Thyatira, to Sardis, to Philadelphia, and to Laodicea.""","I was in the Spirit on the Lord's Day, and I heard behind me a loud voice, as of a trumpet,","(1pt) According to Revelation 1:10, what did John hear behind him on the Lord's Day?","A loud voice, as of a trumpet",,
Revelation 1:10,"I, John, both your brother and companion in the tribulation and kingdom and patience of Jesus Christ, was on the island that is called Patmos for the word of God and for the testimony of Jesus Christ. I was in the Spirit on the Lord's Day, and I heard behind me a loud voice, as of a trumpet, saying, ""I am the Alpha and the Omega, the First and the Last,"" and, ""What you see, write in a book and send it to the seven churches which are in Asia: to Ephesus, to Smyrna, to Pergamos, to Thyatira, to Sardis, to Philadelphia, and to Laodicea.""","I was in the Spirit on the Lord's Day, and I heard behind me a loud voice, as of a trumpet,","(1pt) According to Revelation 1:10, when John was in the Spirit on the Lord's Day, he heard what?",A loud voice,,
Revelation 1:10,"I, John, both your brother and companion in the tribulation and kingdom and patience of Jesus Christ, was on the island that is called Patmos for the word of God and for the testimony of Jesus Christ. I was in the Spirit on the Lord's Day, and I heard behind me a loud voice, as of a trumpet, saying, ""I am the Alpha and the Omega, the First and the Last,"" and, ""What you see, write in a book and send it to the seven churches which are in Asia: to Ephesus, to Smyrna, to Pergamos, to Thyatira, to Sardis, to Philadelphia, and to Laodicea.""","I was in the Spirit on the Lord's Day, and I heard behind me a loud voice, as of a trumpet,","(1pt) According to Revelation 1:10, what state was John in when he heard the loud voice?",In the Spirit,,
Amos 3:14,"Hear and testify against the house of Jacob,"" Says the Lord GOD, the God of hosts, ""That in the day I punish Israel for their transgressions, I will also visit destruction on the altars of Bethel; And the horns of the altar shall be cut off And fall to the ground. I will destroy the winter house along with the summer house; The houses of ivory shall perish, And the great houses shall have an end,"" Says the LORD.","""That in the day I punish Israel for their transgressions, I will also visit destruction on the altars of Bethel; And the horns of the altar shall be cut off And fall to the ground.","(1pt) According to Amos 3:14, when the Lord punishes Israel for their transgressions, what will He also visit destruction upon?",The altars of Bethel,,
Amos 3:14,"Hear and testify against the house of Jacob,"" Says the Lord GOD, the God of hosts, ""That in the day I punish Israel for their transgressions, I will also visit destruction on the altars of Bethel; And the horns of the altar shall be cut off And fall to the ground. I will destroy the winter house along with the summer house; The houses of ivory shall perish, And the great houses shall have an end,"" Says the LORD.","""That in the day I punish Israel for their transgressions, I will also visit destruction on the altars of Bethel; And the horns of the altar shall be cut off And fall to the ground.","(1pt) According to Amos 3:14, the Lord God says that He will punish whom for their transgressions?",Israel,,
Amos 3:14,"Hear and testify against the house of Jacob,"" Says the Lord GOD, the God of hosts, ""That in the day I punish Israel for their transgressions, I will also visit destruction on the altars of Bethel; And the horns of the altar shall be cut off And fall to the ground. I will destroy the winter house along with the summer house; The houses of ivory shall perish, And the great houses shall have an end,"" Says the LORD.","""That in the day I punish Israel for their transgressions, I will also visit destruction on the altars of Bethel; And the horns of the altar shall be cut off And fall to the ground.","(1pt) According to Amos 3:14, what will be cut off and fall to the ground?",The horns of the altar,,
Nahum 1:9,"But with an overflowing flood He will make an utter end of its place, And darkness will pursue His enemies. What do you conspire against the LORD? He will make an utter end of it. Affliction will not rise up a second time. For while tangled like thorns, And while drunken like drunkards, They shall be devoured like stubble fully dried.",What do you conspire against the LORD? He will make an utter end of it. Affliction will not rise up a second time.,"(1pt) According to Nahum 1:9, the Lord will make an utter end of what?",affliction will not rise up a second time,,
Nahum 1:9,"But with an overflowing flood He will make an utter end of its place, And darkness will pursue His enemies. What do you conspire against the LORD? He will make an utter end of it. Affliction will not rise up a second time. For while tangled like thorns, And while drunken like drunkards, They shall be devoured like stubble fully dried.",What do you conspire against the LORD? He will make an utter end of it. Affliction will not rise up a second time.,"(1pt) According to Nahum 1:9, what will not rise up?",a second time affliction,,
Nahum 1:9,"But with an overflowing flood He will make an utter end of its place, And darkness will pursue His enemies. What do you conspire against the LORD? He will make an utter end of it. Affliction will not rise up a second time. For while tangled like thorns, And while drunken like drunkards, They shall be devoured like stubble fully dried.",What do you conspire against the LORD? He will make an utter end of it. Affliction will not rise up a second time.,"(1pt) According to Nahum 1:9, what does the Lord ask what they do?",conspire against the Lord,,
Nahum 1:9,"But with an overflowing flood He will make an utter end of its place, And darkness will pursue His enemies. What do you conspire against the LORD? He will make an utter end of it. Affliction will not rise up a second time. For while tangled like thorns, And while drunken like drunkards, They shall be devoured like stubble fully dried.",What do you conspire against the LORD? He will make an utter end of it. Affliction will not rise up a second time.,"(1pt) According to Nahum 1:9, what will the Lord make of the conspiracy against Him?",an utter end of it,,
Nahum 1:9,"But with an overflowing flood He will make an utter end of its place, And darkness will pursue His enemies. What do you conspire against the LORD? He will make an utter end of it. Affliction will not rise up a second time. For while tangled like thorns, And while drunken like drunkards, They shall be devoured like stubble fully dried.",What do you conspire against the LORD? He will make an utter end of it. Affliction will not rise up a second time.,"(1pt) According to Nahum 1:9, what will happen to the conspiracy against the Lord?",the Lord will make an utter end of it,,
Nahum 1:9,"But with an overflowing flood He will make an utter end of its place, And darkness will pursue His enemies. What do you conspire against the LORD? He will make an utter end of it. Affliction will not rise up a second time. For while tangled like thorns, And while drunken like drunkards, They shall be devoured like stubble fully dried.",What do you conspire against the LORD? He will make an utter end of it. Affliction will not rise up a second time.,"(1pt) According to Nahum 1:9, the Lord asks what the nations conspire against whom?",the Lord,,
Nahum 1:9,"But with an overflowing flood He will make an utter end of its place, And darkness will pursue His enemies. What do you conspire against the LORD? He will make an utter end of it. Affliction will not rise up a second time. For while tangled like thorns, And while drunken like drunkards, They shall be devoured like stubble fully dried.",What do you conspire against the LORD? He will make an utter end of it. Affliction will not rise up a second time.,"(1pt) According to Nahum 1:9, what will the Lord make an utter end of?",what they conspire against the Lord,,
Nahum 1:9,"But with an overflowing flood He will make an utter end of its place, And darkness will pursue His enemies. What do you conspire against the LORD? He will make an utter end of it. Affliction will not rise up a second time. For while tangled like thorns, And while drunken like drunkards, They shall be devoured like stubble fully dried.",What do you conspire against the LORD? He will make an utter end of it. Affliction will not rise up a second time.,"(1pt) According to Nahum 1:9, what does the Lord ask the conspirators about?",what they will make an utter end of,,
Nahum 1:9,"But with an overflowing flood He will make an utter end of its place, And darkness will pursue His enemies. What do you conspire against the LORD? He will make an utter end of it. Affliction will not rise up a second time. For while tangled like thorns, And while drunken like drunkards, They shall be devoured like stubble fully dried.",What do you conspire against the LORD? He will make an utter end of it. Affliction will not rise up a second time.,"(1pt) According to Nahum 1:9, what will not rise up a second time?",affliction,,
Nahum 1:9,"But with an overflowing flood He will make an utter end of its place, And darkness will pursue His enemies. What do you conspire against the LORD? He will make an utter end of it. Affliction will not rise up a second time. For while tangled like thorns, And while drunken like drunkards, They shall be devoured like stubble fully dried.",What do you conspire against the LORD? He will make an utter end of it. Affliction will not rise up a second time.,"(1pt) According to Nahum 1:9, what will the Lord make of ""it""?",an utter end,,
Psalm 40:17,"Let all those who seek You rejoice and be glad in You; Let such as love Your salvation say continually, ""The LORD be magnified!"" But I am poor and needy; Yet the LORD thinks upon me. You are my help and my deliverer; Do not delay, O my God.","But I am poor and needy; Yet the LORD thinks upon me. You are my help and my deliverer; Do not delay, O my God.","(1pt) According to Psalm 40:17, what does David ask his God not to do?",Do not delay,,
Psalm 40:17,"Let all those who seek You rejoice and be glad in You; Let such as love Your salvation say continually, ""The LORD be magnified!"" But I am poor and needy; Yet the LORD thinks upon me. You are my help and my deliverer; Do not delay, O my God.","But I am poor and needy; Yet the LORD thinks upon me. You are my help and my deliverer; Do not delay, O my God.","(1pt) According to Psalm 40:17, what does the psalmist address his God as?",My God,,
Psalm 40:17,"Let all those who seek You rejoice and be glad in You; Let such as love Your salvation say continually, ""The LORD be magnified!"" But I am poor and needy; Yet the LORD thinks upon me. You are my help and my deliverer; Do not delay, O my God.","But I am poor and needy; Yet the LORD thinks upon me. You are my help and my deliverer; Do not delay, O my God.","(1pt) According to Psalm 40:17, who does David say thinks upon him?",The Lord,,
Psalm 40:17,"Let all those who seek You rejoice and be glad in You; Let such as love Your salvation say continually, ""The LORD be magnified!"" But I am poor and needy; Yet the LORD thinks upon me. You are my help and my deliverer; Do not delay, O my God.","But I am poor and needy; Yet the LORD thinks upon me. You are my help and my deliverer; Do not delay, O my God.","(2pts) According to Psalm 40:17, David says that the Lord is what?",(1) My help (2) My deliverer,,
Psalm 40:17,"Let all those who seek You rejoice and be glad in You; Let such as love Your salvation say continually, ""The LORD be magnified!"" But I am poor and needy; Yet the LORD thinks upon me. You are my help and my deliverer; Do not delay, O my God.","But I am poor and needy; Yet the LORD thinks upon me. You are my help and my deliverer; Do not delay, O my God.","(1pt) According to Psalm 40:17, David says that he is poor and needs what?",Need,,
Psalm 40:17,"Let all those who seek You rejoice and be glad in You; Let such as love Your salvation say continually, ""The LORD be magnified!"" But I am poor and needy; Yet the LORD thinks upon me. You are my help and my deliverer; Do not delay, O my God.","But I am poor and needy; Yet the LORD thinks upon me. You are my help and my deliverer; Do not delay, O my God.","(1pt) According to Psalm 40:17, what does David say he is?",Poor,,
Psalm 40:17,"Let all those who seek You rejoice and be glad in You; Let such as love Your salvation say continually, ""The LORD be magnified!"" But I am poor and needy; Yet the LORD thinks upon me. You are my help and my deliverer; Do not delay, O my God.","But I am poor and needy; Yet the LORD thinks upon me. You are my help and my deliverer; Do not delay, O my God.","(1pt) According to Psalm 40:17, what does the psalmist not want his God to do?",Delay,,
Psalm 40:17,"Let all those who seek You rejoice and be glad in You; Let such as love Your salvation say continually, ""The LORD be magnified!"" But I am poor and needy; Yet the LORD thinks upon me. You are my help and my deliverer; Do not delay, O my God.","But I am poor and needy; Yet the LORD thinks upon me. You are my help and my deliverer; Do not delay, O my God.","(1pt) According to Psalm 40:17, David says that he is poor and needy, yet what does he say the Lord thinks upon him?",The Lord's help and deliverance,,
Psalm 40:17,"Let all those who seek You rejoice and be glad in You; Let such as love Your salvation say continually, ""The LORD be magnified!"" But I am poor and needy; Yet the LORD thinks upon me. You are my help and my deliverer; Do not delay, O my God.","But I am poor and needy; Yet the LORD thinks upon me. You are my help and my deliverer; Do not delay, O my God.","(2pts) According to Psalm 40:17, what two things does David say about himself?",(1) I am poor and needy (2) The Lord thinks upon me,,
James 5:18,"Elijah was a man with a nature like ours, and he prayed earnestly that it would not rain; and it did not rain on the land for three years and six months. And he prayed again, and the heaven gave rain, and the earth produced its fruit. Brethren, if anyone among you wanders from the truth, and someone turns him back,","And he prayed again, and the heaven gave rain, and the earth produced its fruit.","(1pt) According to James 5:18, what produced its fruit?",The earth,,
James 5:18,"Elijah was a man with a nature like ours, and he prayed earnestly that it would not rain; and it did not rain on the land for three years and six months. And he prayed again, and the heaven gave rain, and the earth produced its fruit. Brethren, if anyone among you wanders from the truth, and someone turns him back,","And he prayed again, and the heaven gave rain, and the earth produced its fruit.","(1pt) According to James 5:18, what happened when Elijah prayed a second time?",The earth produced its fruit,,
James 5:18,"Elijah was a man with a nature like ours, and he prayed earnestly that it would not rain; and it did not rain on the land for three years and six months. And he prayed again, and the heaven gave rain, and the earth produced its fruit. Brethren, if anyone among you wanders from the truth, and someone turns him back,","And he prayed again, and the heaven gave rain, and the earth produced its fruit.","(1pt) According to James 5:18, what happened after Elijah prayed again?",The heaven gave rain,,
James 5:18,"Elijah was a man with a nature like ours, and he prayed earnestly that it would not rain; and it did not rain on the land for three years and six months. And he prayed again, and the heaven gave rain, and the earth produced its fruit. Brethren, if anyone among you wanders from the truth, and someone turns him back,","And he prayed again, and the heaven gave rain, and the earth produced its fruit.","(3pts) According to James 5:18, what did Elijah do after the widow's son was raised from the dead?",(1) Prayed again and (2) the heaven gave rain and (3) the earth produced its fruit,,
James 5:18,"Elijah was a man with a nature like ours, and he prayed earnestly that it would not rain; and it did not rain on the land for three years and six months. And he prayed again, and the heaven gave rain, and the earth produced its fruit. Brethren, if anyone among you wanders from the truth, and someone turns him back,","And he prayed again, and the heaven gave rain, and the earth produced its fruit.","(2pts) According to James 5:18, what happened after Elijah prayed again?",(1) The heaven gave rain and (2) the earth produced its fruit,,
James 5:18,"Elijah was a man with a nature like ours, and he prayed earnestly that it would not rain; and it did not rain on the land for three years and six months. And he prayed again, and the heaven gave rain, and the earth produced its fruit. Brethren, if anyone among you wanders from the truth, and someone turns him back,","And he prayed again, and the heaven gave rain, and the earth produced its fruit.","(1pt) According to James 5:18, what did the heaven give?",Rain,,
James 5:18,"Elijah was a man with a nature like ours, and he prayed earnestly that it would not rain; and it did not rain on the land for three years and six months. And he prayed again, and the heaven gave rain, and the earth produced its fruit. Brethren, if anyone among you wanders from the truth, and someone turns him back,","And he prayed again, and the heaven gave rain, and the earth produced its fruit.","(1pt) According to James 5:18, what gave rain?",The heaven,,
James 5:18,"Elijah was a man with a nature like ours, and he prayed earnestly that it would not rain; and it did not rain on the land for three years and six months. And he prayed again, and the heaven gave rain, and the earth produced its fruit. Brethren, if anyone among you wanders from the truth, and someone turns him back,","And he prayed again, and the heaven gave rain, and the earth produced its fruit.","(1pt) According to James 5:18, what did the earth produce?",Its fruit,,
John 1:23,"Then they said to him, ""Who are you, that we may give an answer to those who sent us? What do you say about yourself?"" He said: ""I am ""The voice of one crying in the wilderness: ""Make straight the way of the LORD,""' as the prophet Isaiah said."" Now those who were sent were from the Pharisees.","He said: ""I am ""The voice of one crying in the wilderness: ""Make straight the way of the LORD,""' as the prophet Isaiah said.""","(1pt) According to John 1:23, what did John say he was?",The voice of one crying in the wilderness,,
John 1:23,"Then they said to him, ""Who are you, that we may give an answer to those who sent us? What do you say about yourself?"" He said: ""I am ""The voice of one crying in the wilderness: ""Make straight the way of the LORD,""' as the prophet Isaiah said."" Now those who were sent were from the Pharisees.","He said: ""I am ""The voice of one crying in the wilderness: ""Make straight the way of the LORD,""' as the prophet Isaiah said.""","(1pt) According to John 1:23, what was John crying in the wilderness?",Make straight the way of the Lord,,
John 1:23,"Then they said to him, ""Who are you, that we may give an answer to those who sent us? What do you say about yourself?"" He said: ""I am ""The voice of one crying in the wilderness: ""Make straight the way of the LORD,""' as the prophet Isaiah said."" Now those who were sent were from the Pharisees.","He said: ""I am ""The voice of one crying in the wilderness: ""Make straight the way of the LORD,""' as the prophet Isaiah said.""","(1pt) According to John 1:23, what was the voice of one crying in the wilderness telling people to make the way of the Lord?",Straight,,
John 1:23,"Then they said to him, ""Who are you, that we may give an answer to those who sent us? What do you say about yourself?"" He said: ""I am ""The voice of one crying in the wilderness: ""Make straight the way of the LORD,""' as the prophet Isaiah said."" Now those who were sent were from the Pharisees.","He said: ""I am ""The voice of one crying in the wilderness: ""Make straight the way of the LORD,""' as the prophet Isaiah said.""","(1pt) According to John 1:23, John said that he was the voice of how many crying in the wilderness?",One,,
John 1:23,"Then they said to him, ""Who are you, that we may give an answer to those who sent us? What do you say about yourself?"" He said: ""I am ""The voice of one crying in the wilderness: ""Make straight the way of the LORD,""' as the prophet Isaiah said."" Now those who were sent were from the Pharisees.","He said: ""I am ""The voice of one crying in the wilderness: ""Make straight the way of the LORD,""' as the prophet Isaiah said.""","(1pt) According to John 1:23, John said that he was the voice of one crying in the wilderness. Who said that?",The prophet Isaiah,,
John 1:23,"Then they said to him, ""Who are you, that we may give an answer to those who sent us? What do you say about yourself?"" He said: ""I am ""The voice of one crying in the wilderness: ""Make straight the way of the LORD,""' as the prophet Isaiah said."" Now those who were sent were from the Pharisees.","He said: ""I am ""The voice of one crying in the wilderness: ""Make straight the way of the LORD,""' as the prophet Isaiah said.""","(1pt) According to John 1:23, John said that he is ""the voice of one crying"" where?",In the wilderness,,
John 1:23,"Then they said to him, ""Who are you, that we may give an answer to those who sent us? What do you say about yourself?"" He said: ""I am ""The voice of one crying in the wilderness: ""Make straight the way of the LORD,""' as the prophet Isaiah said."" Now those who were sent were from the Pharisees.","He said: ""I am ""The voice of one crying in the wilderness: ""Make straight the way of the LORD,""' as the prophet Isaiah said.""","(1pt) According to John 1:23, John said that he is the voice of one crying in the wilderness to make straight what?",The way of the Lord,,
John 16:10,"of sin, because they do not believe in Me; of righteousness, because I go to My Father and you see Me no more; of judgment, because the ruler of this world is judged.","of righteousness, because I go to My Father and you see Me no more;","(1pt) According to John 16:10, Jesus said that His disciples will see Him no more because He goes where?",To My Father,,
John 16:10,"of sin, because they do not believe in Me; of righteousness, because I go to My Father and you see Me no more; of judgment, because the ruler of this world is judged.","of righteousness, because I go to My Father and you see Me no more;","(1pt) According to John 16:10, Jesus said that His disciples will see Him how?",No more,,
John 16:10,"of sin, because they do not believe in Me; of righteousness, because I go to My Father and you see Me no more; of judgment, because the ruler of this world is judged.","of righteousness, because I go to My Father and you see Me no more;","(1pt) According to John 16:10, Jesus told His disciples that they will be sent of judgment because the ruler of this world is judged. What else does He say they will be sent of?",Of righteousness,,
John 16:10,"of sin, because they do not believe in Me; of righteousness, because I go to My Father and you see Me no more; of judgment, because the ruler of this world is judged.","of righteousness, because I go to My Father and you see Me no more;","(1pt) According to John 16:10, Jesus said that His disciples will be convicted of sin because they do not believe in Him, righteousness because He goes to His Father, and judgment because the ruler of this world is judged. What did Jesus say they will no longer do?",Seeing Him,,
John 16:10,"of sin, because they do not believe in Me; of righteousness, because I go to My Father and you see Me no more; of judgment, because the ruler of this world is judged.","of righteousness, because I go to My Father and you see Me no more;","(1pt) According to John 16:10, Jesus said that His disciples will be judged because the ruler of this world is judged. What does Jesus say that His disciples will do?",See Me no more,,
John 16:10,"of sin, because they do not believe in Me; of righteousness, because I go to My Father and you see Me no more; of judgment, because the ruler of this world is judged.","of righteousness, because I go to My Father and you see Me no more;","(1pt) According to John 16:10, Jesus told His disciples that the world will be convicted of judgment because the ruler of this world is judged. What does Jesus say that His disciples will not be able to do?",Seeing Him no more,,
John 16:10,"of sin, because they do not believe in Me; of righteousness, because I go to My Father and you see Me no more; of judgment, because the ruler of this world is judged.","of righteousness, because I go to My Father and you see Me no more;","(1pt) According to John 16:10, Jesus said that His disciples will be convicted of sin because they will not believe in Him when they see Him how?","No more, because He was going to His Father",,
Obadiah 1:16,"""For the day of the LORD upon all the nations is near; As you have done, it shall be done to you; Your reprisal shall return upon your own head. For as you drank on My holy mountain, So shall all the nations drink continually; Yes, they shall drink, and swallow, And they shall be as though they had never been. ""But on Mount Zion there shall be deliverance, And there shall be holiness; The house of Jacob shall possess their possessions.","For as you drank on My holy mountain, So shall all the nations drink continually; Yes, they shall drink, and swallow, And they shall be as though they had never been.","(1pt) According to Obadiah 1:16, what will all the nations do as they drink on the holy mountain?",They shall drink continually,,
Obadiah 1:16,"""For the day of the LORD upon all the nations is near; As you have done, it shall be done to you; Your reprisal shall return upon your own head. For as you drank on My holy mountain, So shall all the nations drink continually; Yes, they shall drink, and swallow, And they shall be as though they had never been. ""But on Mount Zion there shall be deliverance, And there shall be holiness; The house of Jacob shall possess their possessions.","For as you drank on My holy mountain, So shall all the nations drink continually; Yes, they shall drink, and swallow, And they shall be as though they had never been.","(1pt) According to Obadiah 1:16, where did the Lord say the nations would drink continually?",On My holy mountain,,
Obadiah 1:16,"""For the day of the LORD upon all the nations is near; As you have done, it shall be done to you; Your reprisal shall return upon your own head. For as you drank on My holy mountain, So shall all the nations drink continually; Yes, they shall drink, and swallow, And they shall be as though they had never been. ""But on Mount Zion there shall be deliverance, And there shall be holiness; The house of Jacob shall possess their possessions.","For as you drank on My holy mountain, So shall all the nations drink continually; Yes, they shall drink, and swallow, And they shall be as though they had never been.","(1pt) According to Obadiah 1:16, how shall the nations be when they drink continually?",As though they had never been,,
Obadiah 1:16,"""For the day of the LORD upon all the nations is near; As you have done, it shall be done to you; Your reprisal shall return upon your own head. For as you drank on My holy mountain, So shall all the nations drink continually; Yes, they shall drink, and swallow, And they shall be as though they had never been. ""But on Mount Zion there shall be deliverance, And there shall be holiness; The house of Jacob shall possess their possessions.","For as you drank on My holy mountain, So shall all the nations drink continually; Yes, they shall drink, and swallow, And they shall be as though they had never been.","(2pts) According to Obadiah 1:16, what will all the nations do continually?",(1) Drink (2) Swallow,,
Obadiah 1:16,"""For the day of the LORD upon all the nations is near; As you have done, it shall be done to you; Your reprisal shall return upon your own head. For as you drank on My holy mountain, So shall all the nations drink continually; Yes, they shall drink, and swallow, And they shall be as though they had never been. ""But on Mount Zion there shall be deliverance, And there shall be holiness; The house of Jacob shall possess their possessions.","For as you drank on My holy mountain, So shall all the nations drink continually; Yes, they shall drink, and swallow, And they shall be as though they had never been.","(3pts) According to Obadiah 1:16, what will all the nations do?",(1) Drink (2) Swallow (3) Be as though they had never been,,
Obadiah 1:16,"""For the day of the LORD upon all the nations is near; As you have done, it shall be done to you; Your reprisal shall return upon your own head. For as you drank on My holy mountain, So shall all the nations drink continually; Yes, they shall drink, and swallow, And they shall be as though they had never been. ""But on Mount Zion there shall be deliverance, And there shall be holiness; The house of Jacob shall possess their possessions.","For as you drank on My holy mountain, So shall all the nations drink continually; Yes, they shall drink, and swallow, And they shall be as though they had never been.","(1pt) According to Obadiah 1:16, how long shall all the nations drink?",Continually,,
Obadiah 1:16,"""For the day of the LORD upon all the nations is near; As you have done, it shall be done to you; Your reprisal shall return upon your own head. For as you drank on My holy mountain, So shall all the nations drink continually; Yes, they shall drink, and swallow, And they shall be as though they had never been. ""But on Mount Zion there shall be deliverance, And there shall be holiness; The house of Jacob shall possess their possessions.","For as you drank on My holy mountain, So shall all the nations drink continually; Yes, they shall drink, and swallow, And they shall be as though they had never been.","(1pt) According to Obadiah 1:16, who will drink continually?",The nations,,
Habakkuk 3:14,"You went forth for the salvation of Your people, For salvation with Your Anointed. You struck the head from the house of the wicked, By laying bare from foundation to neck. Selah You thrust through with his own arrows The head of his villages. They came out like a whirlwind to scatter me; Their rejoicing was like feasting on the poor in secret. You walked through the sea with Your horses, Through the heap of great waters.",You thrust through with his own arrows The head of his villages. They came out like a whirlwind to scatter me; Their rejoicing was like feasting on the poor in secret.,"(1pt) According to Habakkuk 3:14, the Lord thrust through what with his own arrows?",The villages,,
Habakkuk 3:14,"You went forth for the salvation of Your people, For salvation with Your Anointed. You struck the head from the house of the wicked, By laying bare from foundation to neck. Selah You thrust through with his own arrows The head of his villages. They came out like a whirlwind to scatter me; Their rejoicing was like feasting on the poor in secret. You walked through the sea with Your horses, Through the heap of great waters.",You thrust through with his own arrows The head of his villages. They came out like a whirlwind to scatter me; Their rejoicing was like feasting on the poor in secret.,"(2pts) According to Habakkuk 3:14, what is like the rejoicing of the Chaldeans?",(1) Like feasting on the poor in secret (2) Rejoicing,,
Habakkuk 3:14,"You went forth for the salvation of Your people, For salvation with Your Anointed. You struck the head from the house of the wicked, By laying bare from foundation to neck. Selah You thrust through with his own arrows The head of his villages. They came out like a whirlwind to scatter me; Their rejoicing was like feasting on the poor in secret. You walked through the sea with Your horses, Through the heap of great waters.",You thrust through with his own arrows The head of his villages. They came out like a whirlwind to scatter me; Their rejoicing was like feasting on the poor in secret.,"(1pt) According to Habakkuk 3:14, what does Habakkuk say was thrust through with his own arrows?",The head of his villages,,
Habakkuk 3:14,"You went forth for the salvation of Your people, For salvation with Your Anointed. You struck the head from the house of the wicked, By laying bare from foundation to neck. Selah You thrust through with his own arrows The head of his villages. They came out like a whirlwind to scatter me; Their rejoicing was like feasting on the poor in secret. You walked through the sea with Your horses, Through the heap of great waters.",You thrust through with his own arrows The head of his villages. They came out like a whirlwind to scatter me; Their rejoicing was like feasting on the poor in secret.,"(1pt) According to Habakkuk 3:14, how did the head of his villages come out?",Like a whirlwind,,
Habakkuk 3:14,"You went forth for the salvation of Your people, For salvation with Your Anointed. You struck the head from the house of the wicked, By laying bare from foundation to neck. Selah You thrust through with his own arrows The head of his villages. They came out like a whirlwind to scatter me; Their rejoicing was like feasting on the poor in secret. You walked through the sea with Your horses, Through the heap of great waters.",You thrust through with his own arrows The head of his villages. They came out like a whirlwind to scatter me; Their rejoicing was like feasting on the poor in secret.,"(1pt) According to Habakkuk 3:14, what does Habakkuk say that the Lord thrust through the head of his villages?",His own arrows,,
Habakkuk 3:14,"You went forth for the salvation of Your people, For salvation with Your Anointed. You struck the head from the house of the wicked, By laying bare from foundation to neck. Selah You thrust through with his own arrows The head of his villages. They came out like a whirlwind to scatter me; Their rejoicing was like feasting on the poor in secret. You walked through the sea with Your horses, Through the heap of great waters.",You thrust through with his own arrows The head of his villages. They came out like a whirlwind to scatter me; Their rejoicing was like feasting on the poor in secret.,"(1pt) According to Habakkuk 3:14, the rejoicing of the nations is like feasting on whom in secret?",The poor,,
